<?xml version="1.0" encoding="UTF-8"?>
<!--
    Logback Configuration for Task Management API
    
    LOGBACK EXPLAINED:
    
    Logback is the logging framework used by Spring Boot (via SLF4J).
    This file configures:
    - WHERE logs go (console, network to ELK)
    - HOW logs are formatted (text for console, JSON for ELK)
    - WHAT level of logs to show (DEBUG, INFO, WARN, ERROR)
    
    KEY CONCEPTS:
    - Appender: Destination for logs (console, TCP)
    - Encoder: Format of the log output (pattern, JSON)
    - Logger: Source of logs (package/class name)
    - Level: Minimum severity to log
    
    SPRING PROFILES:
    <springProfile name="..."> allows different configs per environment.
-->
<configuration scan="true" scanPeriod="30 seconds">

    <property name="APP_NAME" value="task-management-api"/>
    
    <!--
        Include Spring Boot's default logging configuration
        This gives us colorized console output in development
    -->
    <include resource="org/springframework/boot/logging/logback/defaults.xml"/>
    
    <!-- ================================================== -->
    <!-- CONSOLE APPENDER (Human-readable, for development) -->
    <!-- ================================================== -->
    <appender name="CONSOLE" class="ch.qos.logback.core.ConsoleAppender">
        <encoder>
            <!--
                Pattern breakdown:
                %d{HH:mm:ss.SSS} - Time (14:30:45.123)
                %5level - Log level right-padded to 5 chars
                %highlight - Color based on level
                [%15.15t] - Thread name, max 15 chars
                %-40.40logger{39} - Logger name, max 40 chars
                %msg - The log message
                %n - Newline
                ${LOG_EXCEPTION_CONVERSION_WORD} - Stack trace formatting
            -->
            <pattern>%d{HH:mm:ss.SSS} %highlight(%5level) [%15.15t] [%8.8X{correlationId}] %-40.40logger{39} : %msg%n${LOG_EXCEPTION_CONVERSION_WORD:-%wEx}</pattern>
        </encoder>
    </appender>

    <!-- ================================================== -->
    <!-- LOGSTASH TCP APPENDER (Direct to ELK Stack)        -->
    <!-- ================================================== -->
    <!--
        This appender sends logs directly to Logstash over TCP.
        - No file intermediary needed
        - Real-time log shipping
        - Requires Logstash to be running and listening
        
        NOTE: Wrapped in async to prevent app slowdown if Logstash is unavailable.
    -->
    <appender name="LOGSTASH" class="net.logstash.logback.appender.LogstashTcpSocketAppender">
        <!-- Logstash server address -->
        <destination>localhost:5044</destination>
        
        <!-- Reconnect if connection is lost -->
        <reconnectionDelay>10 second</reconnectionDelay>
        
        <!-- HIGH-VOLUME: Increased buffer for thousands of logs per request -->
        <writeBufferSize>65536</writeBufferSize>
        
        <!-- Ring buffer size for handling bursts -->
        <ringBufferSize>16384</ringBufferSize>
        
        <encoder class="net.logstash.logback.encoder.LogstashEncoder">
            <includeMdcKeyName>correlationId</includeMdcKeyName>
            <includeMdcKeyName>logCategory</includeMdcKeyName>
            <includeMdcKeyName>seq</includeMdcKeyName>
            
            <customFields>{"application":"${APP_NAME}"}</customFields>
        </encoder>
    </appender>

    <!-- ================================================== -->
    <!-- ASYNC WRAPPER (Non-blocking logging)              -->
    <!-- ================================================== -->
    <!--
        HIGH-VOLUME OPTIMIZED:
        - queueSize: 8192 (handles bursts of thousands of logs)
        - neverBlock: true (never slow down your app)
        - includeCallerData: false (faster without stack trace lookup)
    -->
    <appender name="ASYNC_LOGSTASH" class="ch.qos.logback.classic.AsyncAppender">
        <appender-ref ref="LOGSTASH"/>
        <!-- HIGH-VOLUME: Queue for 8K pending log events -->
        <queueSize>8192</queueSize>
        <!-- Don't discard any logs (0 = keep all) -->
        <discardingThreshold>0</discardingThreshold>
        <!-- HIGH-VOLUME: Disable caller data for performance -->
        <includeCallerData>false</includeCallerData>
        <!-- HIGH-VOLUME: Never block the application thread -->
        <neverBlock>true</neverBlock>
    </appender>

    <!-- ================================================== -->
    <!-- LOGGER CONFIGURATION                               -->
    <!-- ================================================== -->
    
    <!-- Our application: DEBUG level for detailed logging -->
    <logger name="com.example.taskmanagement" level="DEBUG"/>
    
    <!-- Spring framework: INFO level (less verbose) -->
    <logger name="org.springframework" level="INFO"/>
    
    <!-- Hibernate SQL: WARN to avoid clutter -->
    <logger name="org.hibernate.SQL" level="WARN"/>
    
    <!-- Hibernate parameters: WARN -->
    <logger name="org.hibernate.type.descriptor.sql" level="WARN"/>
    
    <!-- ================================================== -->
    <!-- ROOT LOGGER (Default for all loggers)             -->
    <!-- ================================================== -->
    
    <!-- Development profile: Console only (no files) -->
    <springProfile name="dev,default">
        <root level="INFO">
            <appender-ref ref="CONSOLE"/>
        </root>
    </springProfile>
    
    <!-- Production profile: ELK only (no console, no files) -->
    <springProfile name="prod">
        <root level="INFO">
            <appender-ref ref="ASYNC_LOGSTASH"/>
        </root>
        
        <!-- Less verbose logging in production -->
        <logger name="com.example.taskmanagement" level="INFO"/>
        <logger name="org.hibernate.SQL" level="WARN"/>
        <logger name="org.hibernate.type.descriptor.sql" level="WARN"/>
    </springProfile>
    
    <!-- ELK profile: Console + ELK (no files) -->
    <springProfile name="elk">
        <root level="INFO">
            <appender-ref ref="CONSOLE"/>
            <appender-ref ref="ASYNC_LOGSTASH"/>
        </root>
        
        <!-- Disable Hibernate SQL logs -->
        <logger name="org.hibernate.SQL" level="OFF"/>
        <logger name="org.hibernate.type.descriptor.sql" level="OFF"/>
        <logger name="org.hibernate.orm.jdbc.bind" level="OFF"/>
    </springProfile>

</configuration>
